{
  "book_details": [
    {
      "id": "2b53",
      "book_name": "Html",
      "book_author": "Jone",
      "book_page_number": "300",
      "book_price": "200",
      "book_edition": "4th",
      "book_description": "Provide html tags"
    },
    {
      "id": "013d",
      "book_name": "Casecading style sheet",
      "book_author": "Romi",
      "book_page_number": "150",
      "book_price": "240",
      "book_edition": "3 rd",
      "book_description": "All concept of css"
    },
    {
      "id": "b31c",
      "book_name": "JavaScript",
      "book_author": "Does",
      "book_page_number": "400",
      "book_price": "600",
      "book_edition": "5th",
      "book_description": "It is programming language for web and client side"
    },
    {
      "id": "7c54",
      "book_name": "JavaScript",
      "book_author": "Does",
      "book_page_number": "400",
      "book_price": "600",
      "book_edition": "5th",
      "book_description": "It is programming language for web and client side"
    },
    {
      "id": "ba13",
      "book_name": "JavaScript",
      "book_author": "Does",
      "book_page_number": "400",
      "book_price": "600",
      "book_edition": "5th",
      "book_description": "It is programming language for web and client side"
    },
    {
      "id": "b1cd",
      "book_name": "JavaScript",
      "book_author": "Does",
      "book_page_number": "400",
      "book_price": "600",
      "book_edition": "5th",
      "book_description": "It is programming language for web and client side"
    },
    {
      "id": "da1f",
      "book_name": "JavaScript",
      "book_author": "Does",
      "book_page_number": "400",
      "book_price": "600",
      "book_edition": "5th",
      "book_description": "It is programming language for web and client side"
    },
    {
      "id": "8ef0",
      "book_name": "JavaScript",
      "book_author": "Does",
      "book_page_number": "400",
      "book_price": "600",
      "book_edition": "5th",
      "book_description": "It is programming language for web and client side"
    },
    {
      "id": "c1ee",
      "book_name": "JavaScript",
      "book_author": "Does",
      "book_page_number": "400",
      "book_price": "600",
      "book_edition": "5th",
      "book_description": "It is programming language for web and client side"
    },
    {
      "id": "8375",
      "book_name": "JavaScript",
      "book_author": "Does",
      "book_page_number": "400",
      "book_price": "600",
      "book_edition": "5th",
      "book_description": "It is programming language for web and client side"
    },
    {
      "id": "e437",
      "book_name": "JavaScript",
      "book_author": "Does",
      "book_page_number": "400",
      "book_price": "600",
      "book_edition": "5th",
      "book_description": "It is programming language for web and client side"
    },
    {
      "id": "bc38",
      "book_name": "JavaScript",
      "book_author": "Does",
      "book_page_number": "400",
      "book_price": "600",
      "book_edition": "5th",
      "book_description": "It is programming language for web and client side"
    },
    {
      "id": "705b",
      "book_name": "JavaScript",
      "book_author": "Does",
      "book_page_number": "400",
      "book_price": "600",
      "book_edition": "5th",
      "book_description": "It is programming language for web and client side"
    },
    {
      "id": "d3a0",
      "book_name": "JavaScript",
      "book_author": "Does",
      "book_page_number": "400",
      "book_price": "600",
      "book_edition": "5th",
      "book_description": "It is programming language for web and client side"
    },
    {
      "id": "0232",
      "book_name": "JavaScript",
      "book_author": "Does",
      "book_page_number": "400",
      "book_price": "600",
      "book_edition": "5th",
      "book_description": "It is programming language for web and client side"
    },
    {
      "id": "f207",
      "book_name": "JavaScript",
      "book_author": "Does",
      "book_page_number": "400",
      "book_price": "600",
      "book_edition": "5th",
      "book_description": "It is programming language for web and client side"
    },
    {
      "id": "1f83",
      "book_name": "JavaScript",
      "book_author": "Does",
      "book_page_number": "400",
      "book_price": "600",
      "book_edition": "5th",
      "book_description": "It is programming language for web and client side"
    },
    {
      "id": "fb6c",
      "book_name": "JavaScript",
      "book_author": "Does",
      "book_page_number": "400",
      "book_price": "600",
      "book_edition": "5th",
      "book_description": "It is programming language for web and client side"
    },
    {
      "id": "aa82",
      "book_name": "JavaScript",
      "book_author": "Does",
      "book_page_number": "400",
      "book_price": "600",
      "book_edition": "5th",
      "book_description": "It is programming language for web and client side"
    },
    {
      "id": "a785",
      "book_name": "JavaScript",
      "book_author": "Does",
      "book_page_number": "400",
      "book_price": "600",
      "book_edition": "5th",
      "book_description": "It is programming language for web and client side"
    },
    {
      "id": "8575",
      "book_name": "JavaScript",
      "book_author": "Does",
      "book_page_number": "400",
      "book_price": "600",
      "book_edition": "5th",
      "book_description": "It is programming language for web and client side"
    },
    {
      "id": "05b8",
      "book_name": "JavaScript",
      "book_author": "Does",
      "book_page_number": "400",
      "book_price": "600",
      "book_edition": "5th",
      "book_description": "It is programming language for web and client side"
    },
    {
      "id": "7d69",
      "book_name": "JavaScript",
      "book_author": "Does",
      "book_page_number": "400",
      "book_price": "600",
      "book_edition": "5th",
      "book_description": "It is programming language for web and client side"
    },
    {
      "id": "c652",
      "book_name": "JavaScript",
      "book_author": "Does",
      "book_page_number": "400",
      "book_price": "600",
      "book_edition": "5th",
      "book_description": "It is programming language for web and client side"
    },
    {
      "id": "6535",
      "book_name": "JavaScript",
      "book_author": "Does",
      "book_page_number": "400",
      "book_price": "600",
      "book_edition": "5th",
      "book_description": "It is programming language for web and client side"
    },
    {
      "id": "571c",
      "book_name": "JavaScript",
      "book_author": "Does",
      "book_page_number": "400",
      "book_price": "600",
      "book_edition": "5th",
      "book_description": "It is programming language for web and client side"
    },
    {
      "id": "587c",
      "book_name": "JavaScript",
      "book_author": "Does",
      "book_page_number": "400",
      "book_price": "600",
      "book_edition": "5th",
      "book_description": "It is programming language for web and client side"
    },
    {
      "id": "0644",
      "book_name": "JavaScript",
      "book_author": "Does",
      "book_page_number": "400",
      "book_price": "600",
      "book_edition": "5th",
      "book_description": "It is programming language for web and client side"
    },
    {
      "id": "ea0f",
      "book_name": "JavaScript",
      "book_author": "Does",
      "book_page_number": "400",
      "book_price": "600",
      "book_edition": "5th",
      "book_description": "It is programming language for web and client side"
    },
    {
      "id": "7723",
      "book_name": "JavaScript",
      "book_author": "Does",
      "book_page_number": "400",
      "book_price": "600",
      "book_edition": "5th",
      "book_description": "It is programming language for web and client side"
    },
    {
      "id": "2de8",
      "book_name": "JavaScript",
      "book_author": "Does",
      "book_page_number": "400",
      "book_price": "600",
      "book_edition": "5th",
      "book_description": "It is programming language for web and client side"
    },
    {
      "id": "acb3",
      "book_name": "JavaScript",
      "book_author": "Does",
      "book_page_number": "400",
      "book_price": "600",
      "book_edition": "5th",
      "book_description": "It is programming language for web and client side"
    },
    {
      "id": "26fb",
      "book_name": "JavaScript",
      "book_author": "Does",
      "book_page_number": "400",
      "book_price": "600",
      "book_edition": "5th",
      "book_description": "It is programming language for web and client side"
    },
    {
      "id": "a17c",
      "book_name": "JavaScript",
      "book_author": "Does",
      "book_page_number": "400",
      "book_price": "600",
      "book_edition": "5th",
      "book_description": "It is programming language for web and client side"
    },
    {
      "id": "31f6",
      "book_name": "JavaScript",
      "book_author": "Does",
      "book_page_number": "400",
      "book_price": "600",
      "book_edition": "5th",
      "book_description": "It is programming language for web and client side"
    },
    {
      "id": "64ae",
      "book_name": "JavaScript",
      "book_author": "Does",
      "book_page_number": "400",
      "book_price": "600",
      "book_edition": "5th",
      "book_description": "It is programming language for web and client side"
    },
    {
      "id": "edd9",
      "book_name": "JavaScript",
      "book_author": "Does",
      "book_page_number": "400",
      "book_price": "600",
      "book_edition": "5th",
      "book_description": "It is programming language for web and client side"
    },
    {
      "id": "e698",
      "book_name": "JavaScript",
      "book_author": "Does",
      "book_page_number": "400",
      "book_price": "600",
      "book_edition": "5th",
      "book_description": "It is programming language for web and client side"
    },
    {
      "id": "2d1e",
      "book_name": "JavaScript",
      "book_author": "Does",
      "book_page_number": "400",
      "book_price": "600",
      "book_edition": "5th",
      "book_description": "It is programming language for web and client side"
    },
    {
      "id": "db10",
      "book_name": "JavaScript",
      "book_author": "Does",
      "book_page_number": "400",
      "book_price": "600",
      "book_edition": "5th",
      "book_description": "It is programming language for web and client side"
    },
    {
      "id": "1a06",
      "book_name": "JavaScript",
      "book_author": "Does",
      "book_page_number": "400",
      "book_price": "600",
      "book_edition": "5th",
      "book_description": "It is programming language for web and client side"
    },
    {
      "id": "6b00",
      "book_name": "JavaScript",
      "book_author": "Does",
      "book_page_number": "400",
      "book_price": "600",
      "book_edition": "5th",
      "book_description": "It is programming language for web and client side"
    },
    {
      "id": "1f75",
      "book_name": "React js",
      "book_author": "James",
      "book_page_number": "400",
      "book_price": "300",
      "book_edition": "19",
      "book_description": "Spa"
    }
  ]
}